Geography,Date,Harris,Trump,Pollster,Sample Size
Wisconsin,10/29/2024,49%,49%,SoCal Strategies,600
Wisconsin,10/28/2024,51%,45%,CNN/SSRS,736
Wisconsin,10/24/2024,46%,44%,Marquette University Law School,753
New Hampshire,10/29/2024,51%,46%,Saint Anselm College Survey Center,2791
National,10/29/2024,48%,48%,TIPP Insights,1302
National,10/29/2024,49%,47%,YouGov,1310
National,10/27/2024,49%,46%,Noble Predictive Insights,707
National,10/22/2024,48%,46%,Paradigm,1000
National,10/17/2024,51%,46%,YouGov,1500
South Carolina,10/29/2024,42%,59%,ActiVote,400
Washington,10/29/2024,59%,41%,ActiVote,400
Oklahoma,10/29/2024,33%,67%,ActiVote,400
Texas,10/28/2024,43%,48%,Cygnal,600
Texas,10/17/2024,46%,51%,YouGov,1075
Utah,10/28/2024,34%,54%,Noble Predictive Insights,695
Pennsylvania,10/28/2024,46%,47%,Quinnipiac University,2186
Pennsylvania,10/28/2024,46%,47%,Monmouth University Polling Institute,824
Pennsylvania,10/28/2024,48%,48%,Beacon Research/Shaw & Company Research,1057
Pennsylvania,10/28/2024,48%,48%,CNN/SSRS,819
Pennsylvania,10/22/2024,46%,46%,Susquehanna Polling & Research,500
Pennsylvania,10/17/2024,50%,48%,YouGov,1043
North Carolina,10/28/2024,47%,49%,Beacon Research/Shaw & Company Research,872
Michigan,10/28/2024,48%,46%,Beacon Research/Shaw & Company Research,988
Michigan,10/28/2024,48%,43%,CNN/SSRS,726
Michigan,10/27/2024,47%,47%,Suffolk University,500
Nebraska-3,10/28/2024,25%,70%,YouGov,404
Nebraska-2,10/28/2024,52%,44%,YouGov,393
Nebraska-1,10/28/2024,43%,51%,YouGov,408
Georgia,10/27/2024,49%,50%,SoCal Strategies,658
Arizona,10/27/2024,45%,43%,RABA Research,589
Massachusetts,10/26/2024,60%,37%,Emerson College,1000
New Jersey,10/22/2024,55%,35%,Rutgers University Eagleton Center for Public Interest Polling,451
New York,10/17/2024,58%,38%,YouGov,1089
Florida,10/17/2024,46%,51%,YouGov,1076
California,10/17/2024,63%,34%,YouGov,1139
Wisconsin,10/29/2024,48%,49%,AtlasIntel,1470
Wisconsin,10/27/2024,48%,49%,InsiderAdvantage,800
Wisconsin,10/27/2024,49%,47%,Redfield & Wilton Strategies,746
Wisconsin,10/25/2024,50%,47%,CCES/YouGov,1542
Pennsylvania,10/29/2024,47%,49%,AtlasIntel,1299
Pennsylvania,10/28/2024,49%,49%,YouGov,1273
Pennsylvania,10/27/2024,48%,48%,Redfield & Wilton Strategies,1116
Pennsylvania,10/25/2024,49%,48%,CCES/YouGov,3685
North Carolina,10/29/2024,49%,48%,AtlasIntel,1665
North Carolina,10/28/2024,46%,49%,Trafalgar Group,1091
North Carolina,10/27/2024,46%,48%,Redfield & Wilton Strategies,770
North Carolina,10/26/2024,47%,47%,SurveyUSA,853
North Carolina,10/25/2024,48%,50%,CCES/YouGov,2308
North Carolina,10/17/2024,46%,46%,Elon University,800
Nevada,10/29/2024,48%,49%,AtlasIntel,1083
Nevada,10/28/2024,48%,48%,Trafalgar Group,1082
Nevada,10/27/2024,47%,47%,Redfield & Wilton Strategies,531
Nevada,10/26/2024,47%,48%,CNN/SSRS,683
Nevada,10/25/2024,51%,47%,CCES/YouGov,933
Michigan,10/29/2024,48%,49%,AtlasIntel,983
Michigan,10/28/2024,49%,49%,Quantus Insights,844
Michigan,10/27/2024,49%,48%,Redfield & Wilton Strategies,728
Michigan,10/27/2024,49%,50%,Emerson College,1000
Michigan,10/27/2024,52%,47%,Susquehanna Polling & Research,400
Michigan,10/25/2024,51%,46%,CCES/YouGov,2336
Georgia,10/29/2024,47%,50%,AtlasIntel,1429
Georgia,10/27/2024,47%,48%,Redfield & Wilton Strategies,1112
Georgia,10/25/2024,46%,51%,CCES/YouGov,2663
Arizona,10/29/2024,46%,51%,AtlasIntel,1458
Arizona,10/28/2024,42%,50%,Data Orbital,550
Arizona,10/27/2024,47%,49%,Redfield & Wilton Strategies,901
Arizona,10/26/2024,48%,47%,CNN/SSRS,781
Arizona,10/25/2024,47%,51%,CCES/YouGov,2066
Arizona,10/20/2024,46%,45%,University of Arizona School of Government and Public Policy/Truedot,846
Arizona,8/31/2024,42%,46%,University of Arizona School of Government and Public Policy/Truedot,1155
National,10/29/2024,47%,50%,AtlasIntel,3032
National,10/28/2024,48%,47%,TIPP Insights,1291
National,10/27/2024,50%,47%,Morning Consult,8807
National,10/27/2024,47%,46%,Ipsos,975
National,10/27/2024,49%,47%,Angus Reid Global,1928
National,10/27/2024,49%,47%,Florida Atlantic University PolCom Lab/Mainstreet Research,911
National,10/24/2024,50%,46%,Morning Consult,8669
National,10/21/2024,50%,46%,Morning Consult,8940
Ohio,10/28/2024,46%,52%,Trafalgar Group,1127
Ohio,10/28/2024,46%,54%,ActiVote,400
Ohio,10/25/2024,45%,52%,CCES/YouGov,3091
Minnesota,10/28/2024,51%,43%,SurveyUSA,728
Minnesota,10/25/2024,53%,43%,CCES/YouGov,1275
Tennessee,10/28/2024,38%,62%,ActiVote,400
Illinois,10/28/2024,58%,42%,ActiVote,400
Indiana,10/28/2024,42%,58%,ActiVote,400
New Jersey,10/28/2024,57%,43%,ActiVote,400
New Jersey,10/24/2024,52%,40%,Cygnal,600
Virginia,10/28/2024,54%,46%,ActiVote,400
Virginia,10/25/2024,52%,44%,CCES/YouGov,2015
New York,10/27/2024,57%,39%,Cygnal,600
Florida,10/27/2024,44%,53%,Florida Atlantic University PolCom Lab/Mainstreet Research,897
Florida,10/25/2024,46%,52%,CCES/YouGov,5916
Texas,10/25/2024,47%,51%,CCES/YouGov,6473
Texas,10/21/2024,46%,51%,University of Texas at Tyler Center for Opinion Research,956
New Hampshire,10/25/2024,52%,45%,CCES/YouGov,375
Montana,10/16/2024,34%,52%,Montana State University Billings,760
Michigan,10/27/2024,48%,49%,InsiderAdvantage,800
Michigan,10/26/2024,49%,50%,Patriot Polling,796
Michigan,10/24/2024,47%,44%,Glengariff Group,600
Pennsylvania,10/27/2024,47%,48%,InsiderAdvantage,800
Pennsylvania,10/26/2024,47%,47%,North Star Opinion Research,600
National,10/27/2024,48%,48%,TIPP Insights,1288
National,10/25/2024,51%,47%,CCES/YouGov,48732
National,10/23/2024,50%,46%,Clarity Campaign Labs,1314
Texas,10/27/2024,45%,55%,ActiVote,400
Texas,10/26/2024,40%,51%,The New York Times/Siena College,1180
Florida,10/27/2024,44%,56%,ActiVote,400
Florida,10/25/2024,45%,50%,St. Pete Polls,1227
California,10/27/2024,63%,37%,ActiVote,400
New York,10/27/2024,59%,41%,ActiVote,400
Missouri,10/27/2024,42%,58%,ActiVote,400
New Hampshire,10/26/2024,50%,50%,Praecones Analytica,622
Nebraska-2,10/26/2024,53%,41%,The New York Times/Siena College,500
Nebraska,10/26/2024,39%,53%,The New York Times/Siena College,1194
Wisconsin,10/23/2024,47%,48%,Suffolk University,500
Minnesota,10/22/2024,48%,45%,Embold Research,1734
Kansas,10/16/2024,43%,48%,Fort Hays State University Docking Institute of Public Affairs,517
Arizona,10/26/2024,46%,48%,Trafalgar Group,1094
Georgia,10/26/2024,46%,48%,Trafalgar Group,1087
National,10/26/2024,48%,48%,TIPP Insights,1292
National,10/25/2024,50%,49%,YouGov,2154
National,10/22/2024,51%,47%,Ipsos,1913
Montana,10/25/2024,40%,59%,Emerson College,1000
Alaska,10/22/2024,45%,55%,Alaska Survey Research,1703
South Carolina,10/22/2024,42%,55%,East Carolina University Center for Survey Research,950
National,10/25/2024,48%,48%,TIPP Insights,1333
National,10/24/2024,49%,49%,Emerson College,1000
National,9/19/2024,48%,47%,Change Research,1600
New Jersey,10/24/2024,52%,40%,Cygnal,600
Virginia,10/23/2024,49%,43%,The Washington Post/George Mason University Schar School of Policy and Government,1004
Utah,10/19/2024,31%,63%,HarrisX,813
South Dakota,10/16/2024,33%,59%,Mason-Dixon Polling & Strategy,500
National,10/24/2024,49%,47%,TIPP Insights,1357
National,10/24/2024,50%,50%,ActiVote,1000
National,10/23/2024,49%,48%,Tufts University Public Opinion Lab,633
National,10/23/2024,46%,47%,OnMessage,800
National,10/23/2024,46%,47%,The New York Times/Siena College,2516
National,10/23/2024,47%,47%,CNN/SSRS,1704
National,9/23/2024,50%,46%,HarrisX,1011
Virginia,10/24/2024,49%,48%,Quantus Insights,725
New Hampshire,10/23/2024,51%,47%,Emerson College,915
New Hampshire,10/18/2024,59%,38%,The Dartmouth Poll,2211
Wisconsin,10/22/2024,49%,47%,Redfield & Wilton Strategies,557
Wisconsin,10/22/2024,47%,48%,OnMessage,600
Pennsylvania,10/22/2024,48%,47%,Redfield & Wilton Strategies,1586
North Carolina,10/22/2024,47%,48%,Redfield & Wilton Strategies,679
Nevada,10/22/2024,46%,47%,Redfield & Wilton Strategies,540
Nevada,10/22/2024,47%,50%,OnMessage,600
Michigan,10/22/2024,47%,47%,Redfield & Wilton Strategies,1115
Georgia,10/22/2024,47%,48%,Redfield & Wilton Strategies,1168
Arizona,10/22/2024,46%,48%,Redfield & Wilton Strategies,710
Ohio,10/22/2024,44%,52%,OnMessage,600
Florida,10/22/2024,44%,50%,Hunt Research,1234
Florida,10/20/2024,45%,51%,Cherry Communications,614
Oklahoma,10/18/2024,29%,65%,WPA Intelligence,502
National,10/23/2024,50%,47%,TIPP Insights,1294
National,10/23/2024,52%,45%,Big Village,1592
National,10/22/2024,45%,47%,"Fabrizio, Lee & Associates/GBAO",1500
National,10/19/2024,46%,48%,Hart Research Associates/Public Opinion Strategies,1000
Wisconsin,10/22/2024,49%,50%,Emerson College,800
North Carolina,10/22/2024,48%,50%,Emerson College,950
North Carolina,10/22/2024,48%,50%,Marist College,1226
Pennsylvania,10/22/2024,49%,51%,Emerson College,860
Pennsylvania,10/20/2024,49%,50%,Franklin & Marshall College Center for Opinion Research,583
South Dakota,10/22/2024,37%,62%,Emerson College,825
Maryland,10/22/2024,61%,33%,The Washington Post/University of Maryland Center for Democracy and Civic Engagement,1000
Arizona,10/22/2024,49%,50%,Marist College,1193
Georgia,10/22/2024,49%,49%,Marist College,1193
Ohio,10/21/2024,43%,50%,Bowling Green State University Democracy and Public Policy Research Network/YouGov,1000
California,10/15/2024,59%,33%,Public Policy Institute of California,1137
Michigan,10/10/2024,52%,48%,Michigan State University Institute for Public Policy and Social Research/YouGov,845
National,10/22/2024,48%,49%,HarrisX,1244
National,10/22/2024,49%,47%,TIPP Insights,1294
National,10/22/2024,49%,46%,YouGov,1293
National,10/21/2024,47%,44%,Monmouth University Polling Institute,802
National,10/9/2024,46%,46%,Change Research,3275
National,9/15/2024,48%,44%,Monmouth University Polling Institute,803
North Carolina,10/21/2024,46%,49%,SoCal Strategies,702
North Carolina,10/20/2024,48%,49%,Morning Consult,702
Maryland,10/21/2024,64%,34%,Emerson College,865
Texas,10/21/2024,46%,53%,Emerson College,815
Texas,10/4/2024,43%,48%,CWS Research,533
Nebraska,10/21/2024,41%,55%,Change Research,815
Wisconsin,10/21/2024,48%,48%,Quinnipiac University,1108
Wisconsin,10/20/2024,47%,47%,Morning Consult,624
Wisconsin,9/23/2024,51%,45%,Rodriguez Gudelunas Strategies,400
Michigan,10/21/2024,49%,46%,Quinnipiac University,1136
Michigan,10/20/2024,49%,46%,Morning Consult,705
Michigan,9/23/2024,51%,45%,Rodriguez Gudelunas Strategies,400
Florida,10/20/2024,46%,54%,Emerson College,860
Maine-2,10/20/2024,41%,50%,Axis Research,411
Maine-2,10/7/2024,40%,49%,Digital Research,301
Maine-2,10/6/2024,44%,46%,Axis Research,411
Maine-2,7/25/2024,42%,44%,Axis Research,411
Pennsylvania,10/20/2024,50%,48%,Morning Consult,812
Pennsylvania,9/23/2024,48%,48%,Rodriguez Gudelunas Strategies,400
Pennsylvania,9/23/2024,47%,45%,Monmouth University Polling Institute,654
Nevada,10/20/2024,48%,48%,Morning Consult,420
Georgia,10/20/2024,48%,49%,Morning Consult,855
Arizona,10/20/2024,48%,48%,Morning Consult,861
Maine-1,10/7/2024,56%,33%,Digital Research,303
National,10/21/2024,45%,47%,Redfield & Wilton Strategies,1273
National,10/21/2024,48%,48%,TIPP Insights,1268
National,10/21/2024,48%,45%,YouGov,1189
National,10/21/2024,47%,45%,Ipsos,3307
National,10/20/2024,50%,46%,Morning Consult,8570
National,10/16/2024,48%,46%,University of Massachusetts Department of Politics Science/YouGov,1412
National,10/14/2024,50%,46%,Morning Consult,8929
North Carolina,10/20/2024,47%,49%,InsiderAdvantage,800
North Carolina,10/20/2024,47%,46%,SurveyUSA/High Point University Survey Research Center,1164
Arizona,10/20/2024,47%,50%,InsiderAdvantage,800
Arizona,10/20/2024,46%,47%,HighGround,400
Nevada,10/20/2024,48%,48%,InsiderAdvantage,800
Nevada,10/15/2024,46%,47%,"Fabrizio, Lee & Associates/Impact Research",600
Michigan,10/20/2024,44%,46%,Trafalgar Group,1090
Wisconsin,10/20/2024,47%,47%,Trafalgar Group,1083
New York,10/17/2024,54%,37%,Siena College,872
Georgia,10/16/2024,43%,47%,University of Georgia School of Public and International Affairs,1000
National,10/20/2024,47%,48%,TIPP Insights,1244
National,10/18/2024,45%,44%,Suffolk University,1000
Pennsylvania,10/20/2024,48%,50%,Quantus Insights,840
Pennsylvania,10/19/2024,43%,46%,Trafalgar Group,1084
Pennsylvania,10/18/2024,48%,48%,Redfield & Wilton Strategies,1256
Pennsylvania,10/15/2024,49%,47%,The Washington Post/George Mason University Schar School of Policy and Government,707
Florida,10/20/2024,45%,55%,ActiVote,400
Florida,10/18/2024,45%,49%,Redfield & Wilton Strategies,1275
Florida,10/18/2024,43%,53%,University of North Florida Public Opinion Research Lab,977
Wisconsin,10/18/2024,47%,46%,Redfield & Wilton Strategies,622
Wisconsin,10/15/2024,50%,47%,The Washington Post/George Mason University Schar School of Policy and Government,695
North Carolina,10/18/2024,45%,48%,Redfield & Wilton Strategies,843
North Carolina,10/15/2024,47%,50%,The Washington Post/George Mason University Schar School of Policy and Government,965
Nevada,10/18/2024,46%,47%,Redfield & Wilton Strategies,529
Nevada,10/15/2024,48%,48%,The Washington Post/George Mason University Schar School of Policy and Government,652
Michigan,10/18/2024,47%,47%,Redfield & Wilton Strategies,1008
Michigan,10/15/2024,49%,47%,The Washington Post/George Mason University Schar School of Policy and Government,687
Georgia,10/18/2024,47%,48%,Redfield & Wilton Strategies,1019
Georgia,10/15/2024,51%,47%,The Washington Post/George Mason University Schar School of Policy and Government,730
Arizona,10/18/2024,46%,49%,Redfield & Wilton Strategies,691
Arizona,10/15/2024,46%,49%,The Washington Post/George Mason University Schar School of Policy and Government,580
New Mexico,10/18/2024,50%,41%,Research & Polling,1024
National,10/19/2024,47%,49%,TIPP Insights,1254
National,10/17/2024,48%,51%,AtlasIntel,4180
Colorado,10/19/2024,59%,41%,ActiVote,400
Oklahoma,10/19/2024,34%,66%,ActiVote,400
Wisconsin,10/17/2024,49%,48%,AtlasIntel,932
Pennsylvania,10/17/2024,47%,50%,AtlasIntel,2048
North Carolina,10/17/2024,50%,49%,AtlasIntel,1674
Nevada,10/17/2024,48%,48%,AtlasIntel,1171
Michigan,10/17/2024,47%,50%,AtlasIntel,1529
Georgia,10/17/2024,48%,50%,AtlasIntel,1411
Arizona,10/17/2024,49%,49%,AtlasIntel,1440
National,10/18/2024,48%,47%,TIPP Insights,1223
Wisconsin,10/18/2024,48%,46%,The Bullfinch Group,600
Oregon,10/17/2024,53%,41%,Public Policy Polling,716
Washington,10/17/2024,55%,40%,Public Policy Polling,571
National,10/17/2024,49%,47%,TIPP Insights,1257
National,10/17/2024,49%,49%,Quantus Insights,1045
National,10/17/2024,49%,51%,ActiVote,1000
National,10/16/2024,50%,49%,RMG Research,2950
National,10/16/2024,45%,46%,OnMessage,800
National,10/16/2024,50%,49%,Emerson College,1000
National,10/16/2024,53%,47%,Gateway Political Strategies,2540
National,10/11/2024,49%,49%,HarrisX,1622
Florida,10/17/2024,47%,52%,RMG Research,788
Pennsylvania,10/17/2024,49%,48%,The Bullfinch Group,600
Michigan,10/17/2024,51%,43%,The Bullfinch Group,600
Georgia,10/17/2024,49%,51%,ActiVote,400
Georgia,10/16/2024,49%,49%,TIPP Insights,813
Georgia,10/14/2024,46%,49%,East Carolina University Center for Survey Research,701
South Carolina,10/17/2024,42%,48%,ActiVote,400
Texas,10/10/2024,46%,51%,YouGov,1091
National,10/16/2024,49%,46%,TIPP Insights,1228
National,10/11/2024,51%,49%,HarrisX,2010
Arizona,10/16/2024,48%,51%,YouGov,1435
Arizona,10/15/2024,49%,48%,Morning Consult,653
Michigan,10/16/2024,49%,49%,RMG Research,789
Michigan,10/15/2024,49%,47%,Morning Consult,1065
Michigan,10/14/2024,47%,47%,Mitchell Research & Communications,589
Wisconsin,10/16/2024,49%,50%,RMG Research,787
Wisconsin,10/15/2024,47%,48%,Morning Consult,527
Texas,10/16/2024,44%,56%,ActiVote,400
Texas,10/15/2024,46%,50%,Morning Consult,2048
Tennessee,10/16/2024,38%,62%,ActiVote,400
Massachusetts,10/16/2024,67%,33%,ActiVote,400
Pennsylvania,10/15/2024,49%,48%,Morning Consult,1395
Pennsylvania,10/9/2024,46%,45%,University of Massachusetts Lowell Center for Public Opinion/YouGov,800
Ohio,10/15/2024,45%,52%,Morning Consult,1243
North Carolina,10/15/2024,48%,49%,Morning Consult,1072
North Carolina,10/14/2024,47%,47%,Cygnal,600
Nevada,10/15/2024,49%,45%,Morning Consult,496
Maryland,10/15/2024,64%,31%,Morning Consult,490
Georgia,10/15/2024,48%,49%,Morning Consult,1002
Washington,10/12/2024,57%,32%,Elway Research,401
New Hampshire,10/10/2024,50%,41%,University of Massachusetts Lowell Center for Public Opinion/YouGov,600
National,10/15/2024,50%,46%,TIPP Insights,1248
National,10/15/2024,49%,45%,YouGov,1314
National,10/14/2024,48%,50%,Beacon Research/Shaw & Company Research,870
National,10/14/2024,50%,47%,Fairleigh Dickinson University,806
National,10/13/2024,41%,37%,Ipsos,938
National,10/10/2024,52%,47%,Marist College,1401
National,10/10/2024,44%,41%,Marquette University Law School,652
National,9/4/2024,45%,40%,Public Religion Research Institute,5325
Wisconsin,10/14/2024,48%,47%,Redfield & Wilton Strategies,641
Pennsylvania,10/14/2024,48%,48%,Redfield & Wilton Strategies,1649
North Carolina,10/14/2024,46%,48%,Redfield & Wilton Strategies,620
North Carolina,10/14/2024,49%,47%,Quinnipiac University,1031
New Mexico,10/14/2024,49%,45%,Redfield & Wilton Strategies,382
Nevada,10/14/2024,47%,47%,Redfield & Wilton Strategies,838
Minnesota,10/14/2024,51%,43%,Redfield & Wilton Strategies,544
Michigan,10/14/2024,47%,47%,Redfield & Wilton Strategies,682
Georgia,10/14/2024,47%,47%,Redfield & Wilton Strategies,637
Georgia,10/14/2024,45%,52%,Quinnipiac University,1328
Florida,10/14/2024,44%,50%,Redfield & Wilton Strategies,1009
Arizona,10/14/2024,46%,48%,Redfield & Wilton Strategies,1141
California,10/14/2024,61%,37%,Emerson College,1000
Washington,10/14/2024,57%,35%,SurveyUSA,703
Alaska,10/9/2024,43%,50%,Alaska Survey Research,1254
Utah,10/7/2024,36%,54%,Noble Predictive Insights,539
Georgia,10/15/2024,47%,49%,InsiderAdvantage,800
National,10/14/2024,49%,46%,TIPP Insights,1198
National,10/13/2024,50%,46%,Morning Consult,8647
National,10/13/2024,47%,44%,Ipsos,769
National,10/13/2024,49%,48%,HarrisX/Harris Poll,3145
National,10/10/2024,50%,46%,Morning Consult,9556
National,10/8/2024,47%,46%,Yale University Institution for Social and Policy Studies,5500
National,10/7/2024,51%,45%,Morning Consult,11739
Wisconsin,10/14/2024,49%,50%,Patriot Polling,803
Maryland,10/14/2024,63%,37%,ActiVote,400
Michigan,10/13/2024,49%,48%,SoCal Strategies,692
Michigan,10/11/2024,45%,44%,Marketing Resource Group (MRG),600
Michigan,10/8/2024,46%,46%,"Fabrizio, Lee & Associates/Impact Research",600
Nevada,10/13/2024,46%,45%,Trafalgar Group,1088
North Carolina,10/13/2024,45%,47%,Trafalgar Group,1085
Massachusetts,10/10/2024,56%,30%,University of Massachusetts Department of Political Science/YouGov,700
Pennsylvania,10/10/2024,48%,49%,American Pulse Research & Polling,1193
Texas,10/10/2024,46%,51%,University of Houston Hobby School of Public Affairs,1329
Florida,10/8/2024,44%,51%,Tarrance Group,818
Tennessee,10/8/2024,35%,56%,Targoz Market Research,971
Rhode Island,9/8/2024,53%,27%,University of Rhode Island Survey Initiative/YouGov,500
National,10/13/2024,49%,48%,HarrisX/Harris Poll,2596
Arizona,10/13/2024,46%,48%,Trafalgar Group,1090
Washington,10/13/2024,60%,40%,ActiVote,400
Georgia,10/10/2024,47%,50%,RMG Research,731
National,10/11/2024,51%,48%,YouGov,2712
National,10/8/2024,50%,48%,Ipsos,1714
National,10/8/2024,46%,47%,Hart Research Associates/Public Opinion Strategies,1000
Pennsylvania,10/8/2024,47%,47%,J.L. Partners,800
Florida,10/4/2024,43%,49%,Mason-Dixon Polling & Strategy,625
Arizona,10/10/2024,45%,50%,The New York Times/Siena College,808
Pennsylvania,10/10/2024,49%,45%,The New York Times/Siena College,857
National,10/10/2024,50%,47%,RMG Research,2945
National,10/4/2024,47%,45%,Noble Predictive Insights,2560
California,10/10/2024,64%,37%,ActiVote,400
Missouri,10/10/2024,43%,57%,ActiVote,400
Pennsylvania,10/9/2024,46%,48%,Redfield & Wilton Strategies,707
Pennsylvania,10/8/2024,45%,46%,"Fabrizio, Lee & Associates/McLaughlin & Associates",600
Pennsylvania,10/2/2024,46%,46%,OnMessage,500
Georgia,10/9/2024,47%,48%,Redfield & Wilton Strategies,608
Georgia,10/8/2024,46%,45%,"Fabrizio, Lee & Associates/McLaughlin & Associates",600
Georgia,10/2/2024,44%,47%,OnMessage,500
Michigan,10/9/2024,51%,49%,ActiVote,400
Michigan,10/8/2024,47%,45%,"Fabrizio, Lee & Associates/McLaughlin & Associates",600
Michigan,10/2/2024,48%,46%,OnMessage,500
Minnesota,10/9/2024,53%,47%,ActiVote,400
Nebraska,10/8/2024,37%,57%,Torchlight Strategies,600
Nebraska,10/8/2024,38%,58%,Change Research,895
Wisconsin,10/8/2024,46%,45%,"Fabrizio, Lee & Associates/GBAO",600
Wisconsin,10/2/2024,46%,47%,OnMessage,500
Nevada,10/8/2024,42%,47%,"Fabrizio, Lee & Associates/GBAO",600
Nevada,10/2/2024,45%,47%,OnMessage,500
North Carolina,10/8/2024,45%,46%,"Fabrizio, Lee & Associates/GBAO",600
Arizona,10/8/2024,47%,45%,"Fabrizio, Lee & Associates/GBAO",600
Arizona,10/2/2024,45%,47%,OnMessage,500
Wisconsin,10/9/2024,48%,48%,InsiderAdvantage,800
Wisconsin,10/9/2024,48%,49%,"Fabrizio, Lee & Associates/McLaughlin & Associates",800
Wisconsin,10/8/2024,49%,50%,Emerson College,1000
Michigan,10/9/2024,46%,48%,InsiderAdvantage,800
Michigan,10/9/2024,48%,49%,"Fabrizio, Lee & Associates/McLaughlin & Associates",800
Michigan,10/8/2024,50%,50%,Emerson College,950
Pennsylvania,10/9/2024,48%,49%,TIPP Insights,803
Pennsylvania,10/9/2024,48%,49%,"Fabrizio, Lee & Associates/McLaughlin & Associates",800
Pennsylvania,10/8/2024,49%,50%,Emerson College,1000
Pennsylvania,10/7/2024,47%,47%,Hunt Research,1037
Pennsylvania,10/2/2024,47%,45%,YouGov/Center for Working Class Politics,1000
North Carolina,10/9/2024,47%,48%,"Fabrizio, Lee & Associates/McLaughlin & Associates",800
North Carolina,10/8/2024,49%,50%,Emerson College,1000
Nevada,10/9/2024,47%,50%,"Fabrizio, Lee & Associates/McLaughlin & Associates",800
Nevada,10/8/2024,49%,48%,Emerson College,900
Georgia,10/9/2024,45%,50%,"Fabrizio, Lee & Associates/McLaughlin & Associates",800
Georgia,10/8/2024,50%,50%,Emerson College,1000
Arizona,10/9/2024,46%,49%,"Fabrizio, Lee & Associates/McLaughlin & Associates",800
Arizona,10/8/2024,48%,51%,Emerson College,1000
National,10/8/2024,49%,47%,co/efficient,2180
National,10/6/2024,48%,47%,Pew Research Center,4025
National,10/4/2024,49%,46%,Noble Predictive Insights,2290
National,9/17/2024,50%,45%,Data for Progress,6152
Montana,10/8/2024,39%,56%,The New York Times/Siena College,656
Ohio,10/7/2024,45%,51%,The Washington Post,1002
Ohio,10/7/2024,46%,52%,Marist College,1327
Texas,10/7/2024,46%,53%,Marist College,1186
Texas,10/4/2024,41%,48%,The New York Times/Siena College,617
Florida,10/7/2024,47%,51%,Marist College,1257
Florida,10/6/2024,40%,53%,The New York Times/Siena College,622
California,10/1/2024,57%,35%,University of California Berkeley Institute of Governmental Studies,3045
Georgia,10/8/2024,45%,46%,Trafalgar Group,1089
Georgia,9/29/2024,46%,47%,Global Strategy Group/North Star Opinion Research,400
National,10/8/2024,49%,51%,ActiVote,1000
National,10/7/2024,49%,45%,YouGov,1230
Arizona,10/8/2024,49%,51%,ActiVote,400
Arizona,9/29/2024,47%,47%,Global Strategy Group/North Star Opinion Research,400
Wisconsin,10/7/2024,46%,48%,Quinnipiac University,1073
Wisconsin,10/6/2024,47%,48%,Arc Insights,700
Wisconsin,9/29/2024,46%,45%,Global Strategy Group/North Star Opinion Research,408
Pennsylvania,10/7/2024,49%,46%,Quinnipiac University,1412
Pennsylvania,9/29/2024,47%,47%,Global Strategy Group/North Star Opinion Research,408
North Carolina,9/29/2024,47%,47%,Global Strategy Group/North Star Opinion Research,401
Nevada,9/29/2024,47%,47%,Global Strategy Group/North Star Opinion Research,407
Utah,9/28/2024,39%,54%,Public Policy Polling,612
Maryland,9/28/2024,57%,35%,University of Maryland Baltimore County Institute of Politics,863
Pennsylvania,10/8/2024,47%,49%,InsiderAdvantage,800
Pennsylvania,10/7/2024,50%,49%,Research Co.,450
Pennsylvania,9/29/2024,50%,46%,The Bullfinch Group,800
Arizona,10/7/2024,49%,48%,SoCal Strategies,735
Arizona,10/1/2024,47%,49%,"Fabrizio, Lee & Associates/Impact Research",600
Arizona,9/29/2024,47%,46%,National Research,600
Wisconsin,10/7/2024,50%,48%,Research Co.,450
Michigan,10/7/2024,51%,48%,Redfield Co.,450
National,10/7/2024,47%,45%,Ipsos,1076
National,10/6/2024,48%,46%,Redfield & Wilton Strategies,1918
National,10/6/2024,47%,44%,The New York Times/Siena College,3385
National,10/3/2024,47%,45%,Cygnal,1500
National,10/1/2024,50%,45%,Morning Consult,10775
National,9/30/2024,50%,46%,Morning Consult,11568
National,9/27/2024,48%,45%,YouGov/Pennsylvania State University McCourtney Institute for Democracy,848
Texas,10/6/2024,45%,50%,Florida Atlantic University PolCom Lab/Mainstreet Research,775
Texas,10/4/2024,42%,49%,The New York Times/Siena College,617
Florida,10/6/2024,40%,53%,The New York Times/Siena College,622
Massachusetts,10/5/2024,61%,32%,Suffolk University,500
Nebraska,10/3/2024,38%,58%,Impact Research,600
Nevada,10/3/2024,49%,49%,RMG Research,782
National,10/6/2024,49%,45%,Research Co.,1001
National,10/4/2024,47%,47%,YouGov,1032
National,10/4/2024,48%,45%,TIPP Insights,997
National,10/4/2024,50%,46%,Big Village,755
National,9/13/2024,47%,42%,J.L. Partners,744
Florida,10/6/2024,47%,53%,ActiVote,400
Florida,10/2/2024,45%,49%,Redfield & Wilton Strategies,2946
North Carolina,10/6/2024,51%,49%,ActiVote,400
North Carolina,10/2/2024,45%,47%,Redfield & Wilton Strategies,753
Michigan,10/4/2024,47%,44%,Glengariff Group,600
Michigan,10/2/2024,48%,46%,Redfield & Wilton Strategies,839
Virginia,10/4/2024,52%,41%,Christopher Newport University Wason Center for Civic Leadership,800
Arizona,10/2/2024,46%,50%,RMG Research,783
Arizona,10/2/2024,47%,48%,Redfield & Wilton Strategies,555
Wisconsin,10/2/2024,47%,46%,Redfield & Wilton Strategies,533
Pennsylvania,10/2/2024,48%,47%,Redfield & Wilton Strategies,5686
Nevada,10/2/2024,48%,47%,Redfield & Wilton Strategies,514
Minnesota,10/2/2024,51%,43%,Redfield & Wilton Strategies,551
Georgia,10/2/2024,47%,47%,Redfield & Wilton Strategies,3783
Illinois,10/5/2024,59%,41%,ActiVote,400
National,10/3/2024,49%,46%,Data for Progress,1211
National,10/3/2024,49%,49%,RMG Research,2965
National,9/29/2024,48%,46%,Redfield & Wilton Strategies,1616
North Carolina,9/27/2024,47%,51%,RMG Research,780
Nevada,9/19/2024,47%,44%,Tarrance Group,600
Texas,9/9/2024,41%,51%,CWS Research,504
New Hampshire,10/2/2024,51%,44%,Saint Anselm College Survey Center,2104
National,10/2/2024,51%,49%,ActiVote,1000
National,10/1/2024,50%,49%,Emerson College,1000
National,10/1/2024,50%,48%,Marist College,1294
New Jersey,10/2/2024,56%,44%,ActiVote,400
Michigan,9/30/2024,47%,47%,Mitchell Research & Communications,709
Pennsylvania,9/29/2024,47%,47%,OnMessage,800
North Carolina,9/29/2024,48%,48%,High Point University Survey Research Center,589
Florida,9/27/2024,48%,50%,RMG Research,774
Ohio,9/27/2024,44%,51%,YouGov,1000
National,10/1/2024,49%,46%,YouGov,1261
National,10/1/2024,49%,44%,Susquehanna Polling & Research,1001
Nebraska,10/1/2024,42%,53%,The Bullfinch Group,400
North Dakota,9/30/2024,32%,59%,WPA Intelligence,500
Michigan,9/30/2024,45%,47%,Trafalgar Group,1086
Michigan,9/25/2024,49%,46%,BSG/GS Strategy Group,416
Wisconsin,9/30/2024,46%,47%,Trafalgar Group,1079
Wisconsin,9/26/2024,49%,44%,Marquette University Law School,798
Wisconsin,9/25/2024,48%,46%,BSG/GS Strategy Group,411
Arizona,9/29/2024,48%,46%,HighGround,500
Arizona,9/25/2024,50%,47%,BSG/GS Strategy Group,409
South Carolina,9/29/2024,42%,52%,Winthrop University Center for Public Opinion & Policy Research,1068
Iowa,9/28/2024,45%,51%,Cygnal,600
Florida,9/25/2024,46%,51%,McLaughlin & Associates,1200
Pennsylvania,9/25/2024,49%,47%,BSG/GS Strategy Group,474
North Carolina,9/25/2024,49%,46%,BSG/GS Strategy Group,411
Nevada,9/25/2024,48%,47%,BSG/GS Strategy Group,409
Georgia,9/25/2024,47%,48%,BSG/GS Strategy Group,411
Virginia,9/25/2024,47%,37%,Virginia Commonwealth University L. Douglas Wilder School of Government and Public Affairs,762
Georgia,9/30/2024,48%,48%,InsiderAdvantage,800
Georgia,9/29/2024,44%,50%,Quinnipiac University,942
North Carolina,9/30/2024,49%,50%,InsiderAdvantage,800
North Carolina,9/29/2024,48%,50%,Washington Post,1001
North Carolina,9/29/2024,47%,49%,Quinnipiac University,953
North Carolina,9/28/2024,49%,50%,Emerson College,850
Nevada,9/30/2024,48%,49%,InsiderAdvantage,800
Nevada,9/20/2024,48%,49%,Remington Research Group,850
Arizona,9/30/2024,48%,49%,InsiderAdvantage,800
Arizona,9/28/2024,48%,52%,Emerson College,920
New York,9/30/2024,61%,39%,ActiVote,400
Indiana,9/30/2024,43%,57%,ActiVote,400
Ohio,9/30/2024,46%,54%,ActiVote,400
National,9/29/2024,51%,46%,Morning Consult,11381
National,9/29/2024,51%,47%,Leger,837
National,9/26/2024,50%,45%,Morning Consult,11155
National,9/23/2024,51%,45%,Morning Consult,11157
Alaska,9/29/2024,43%,52%,Alaska Survey Research,1182
Texas,9/27/2024,46%,53%,RMG Research,779
Michigan,9/27/2024,50%,47%,RMG Research,789
Michigan,9/20/2024,49%,47%,Remington Research Group,800
North Dakota,9/26/2024,40%,50%,Lake Research Partners,500
Pennsylvania,9/24/2024,49%,47%,"Fabrizio, Lee & Associates/Impact Research",600
Pennsylvania,9/20/2024,47%,48%,Remington Research Group,800
Montana,9/20/2024,39%,56%,Remington Research Group,800
Wisconsin,9/20/2024,48%,48%,Remington Research Group,800
Pennsylvania,9/29/2024,49%,50%,Patriot Polling,816
Pennsylvania,9/29/2024,45%,49%,Trafalgar Group,1090
Wisconsin,9/29/2024,52%,48%,ActiVote,400
Texas,9/26/2024,44%,49%,Public Policy Polling,759
Florida,9/26/2024,45%,49%,Public Policy Polling,808
Florida,9/25/2024,45%,47%,Victory Insights,600
North Carolina,9/26/2024,47%,49%,East Carolina University Center for Survey Research,1005
Indiana,9/25/2024,39%,55%,ARW Strategies,600
California,9/25/2024,58%,36%,University of Southern California/California State University Long Beach Center for Urban Politics and Policy/Cal Poly Ponoma,1685
Wisconsin,9/25/2024,48%,50%,AtlasIntel,1077
Pennsylvania,9/25/2024,48%,51%,AtlasIntel,1775
North Carolina,9/25/2024,51%,47%,AtlasIntel,1173
Nevada,9/25/2024,51%,48%,AtlasIntel,858
Michigan,9/25/2024,47%,50%,AtlasIntel,918
Georgia,9/25/2024,49%,49%,AtlasIntel,1200
Arizona,9/25/2024,49%,50%,AtlasIntel,946
Nebraska-2,9/26/2024,51%,42%,The New York Times/Siena College,680
Wisconsin,9/26/2024,48%,46%,The New York Times/Siena College,680
Ohio,9/26/2024,43%,49%,The New York Times/Siena College,687
Michigan,9/26/2024,46%,46%,The New York Times/Siena College,688
Delaware,9/26/2024,56%,36%,University of Delaware Center for Political Communication,383
National,9/26/2024,47%,44%,Redfield & Wilton Strategies,2021
National,9/25/2024,50%,48%,RMG Research,2952
National,9/24/2024,51%,44%,Clarity Campaign Labs,1000
National,9/2/2024,49%,46%,Echelon Insights/GBAO,2045
Minnesota,9/26/2024,50%,44%,SurveyUSA,646
New York,9/25/2024,54%,40%,Emerson College,1000
Nebraska-2,9/25/2024,53%,42%,CNN/SSRS,749
North Carolina,9/25/2024,48%,48%,CNN/SSRS,931
North Carolina,9/24/2024,47%,49%,Beacon Research/Shaw & Company Research,787
North Carolina,9/20/2024,48%,48%,"Meredith College Department of History, Political Science, and International Studies",802
Pennsylvania,9/24/2024,47%,48%,Beacon Research/Shaw & Company Research,775
Arizona,9/24/2024,42%,48%,Suffolk University,500
National,9/26/2024,51%,45%,Outward Intelligence,1735
National,9/25/2024,49%,44%,Echelon Insights,1005
National,9/25/2024,50%,46%,Big Village,1524
Nevada,9/25/2024,50%,49%,TIPP Insights,736
Nevada,9/25/2024,48%,49%,Quantus Insights,628
Nevada,9/25/2024,50%,44%,Morning Consult,516
Wisconsin,9/25/2024,50%,47%,Morning Consult,785
Wisconsin,9/23/2024,50%,49%,RMG Research,788
Pennsylvania,9/25/2024,51%,45%,Morning Consult,924
Pennsylvania,9/25/2024,52%,48%,ActiVote,400
Pennsylvania,9/19/2024,48%,46%,University of Massachusetts Lowell Center for Public Opinion/YouGov,800
North Carolina,9/25/2024,49%,47%,Morning Consult,828
North Carolina,9/24/2024,49%,49%,Marist College,1348
Michigan,9/25/2024,50%,46%,Morning Consult,800
Michigan,9/19/2024,48%,43%,University of Massachusetts Lowell Center for Public Opinion/YouGov,650
Georgia,9/25/2024,48%,48%,Morning Consult,913
Georgia,9/24/2024,50%,48%,Beacon Research/Shaw & Company Research,707
Georgia,9/24/2024,49%,50%,Marist College,1220
Arizona,9/25/2024,49%,46%,Morning Consult,926
Arizona,9/24/2024,47%,50%,Beacon Research/Shaw & Company Research,764
Arizona,9/24/2024,49%,50%,Marist College,1264
Virginia,9/24/2024,53%,46%,Emerson College,860
Texas,9/24/2024,47%,52%,Emerson College,950
Maryland,9/23/2024,63%,31%,The Washington Post/University of Maryland Center for Democracy and Civic Engagement,1012
National,9/24/2024,49%,46%,YouGov,1220
National,9/24/2024,51%,49%,ActiVote,1000
National,9/22/2024,50%,44%,Ipsos,785
Georgia,9/24/2024,49%,51%,YouGov,1441
Georgia,9/16/2024,50%,48%,Focaldata,1081
Texas,9/24/2024,46%,54%,ActiVote,400
Nebraska,9/23/2024,40%,56%,SurveyUSA,558
Pennsylvania,9/22/2024,46%,46%,Susquehanna Polling & Research,700
Pennsylvania,9/20/2024,49%,49%,RMG Research,783
Pennsylvania,9/19/2024,48%,48%,Muhlenberg College Institute of Public Opinion,450
Pennsylvania,9/16/2024,50%,48%,Focaldata,1120
North Carolina,9/17/2024,46%,48%,"Fabrizio, Lee & Associates/Impact Research",600
North Carolina,9/16/2024,46%,51%,Focaldata,1094
Wisconsin,9/16/2024,52%,46%,Focaldata,1019
Ohio,9/16/2024,46%,52%,Focaldata,1115
Nevada,9/16/2024,49%,48%,Focaldata,1038
Michigan,9/16/2024,49%,48%,Focaldata,1114
Arizona,9/16/2024,50%,48%,Focaldata,1097
Colorado,9/14/2024,53%,42%,Keating Research,500
National,9/23/2024,50%,44%,Ipsos,785
National,9/22/2024,50%,45%,Morning Consult,11057
National,9/22/2024,47%,48%,Quinnipiac University,1728
National,9/22/2024,48%,47%,CNN/SSRS,2074
National,9/19/2024,50%,46%,Morning Consult,10528
National,9/16/2024,50%,45%,Morning Consult,11092
National,8/26/2024,45%,42%,Survey Center on American Life,5837
National,8/22/2024,44%,40%,YouGov,1835
North Carolina,9/23/2024,49%,48%,The Bullfinch Group,600
North Carolina,9/13/2024,46%,45%,Elon University,800
Georgia,9/23/2024,49%,47%,The Bullfinch Group,600
Florida,9/23/2024,47%,48%,The Bullfinch Group,600
Delaware,9/21/2024,54%,37%,Slingshot Strategies,500
Ohio,9/20/2024,43%,54%,RMG Research,781
Michigan,9/18/2024,48%,45%,Suffolk University,500
New Mexico,9/18/2024,50%,42%,SurveyUSA,619
Rhode Island,9/18/2024,53%,40%,MassINC Polling Group,800
Nevada,9/16/2024,47%,47%,Noble Predictive Insights,692
North Carolina,9/21/2024,45%,47%,The New York Times/Siena College,682
North Carolina,9/19/2024,47%,48%,Redfield & Wilton Strategies,868
Georgia,9/21/2024,44%,47%,The New York Times/Siena College,682
Georgia,9/19/2024,46%,48%,Redfield & Wilton Strategies,1043
Arizona,9/21/2024,43%,48%,The New York Times/Siena College,713
Arizona,9/19/2024,47%,47%,Redfield & Wilton Strategies,789
Wisconsin,9/19/2024,47%,47%,Redfield & Wilton Strategies,600
Wisconsin,9/18/2024,51%,45%,MassINC Polling Group,800
Pennsylvania,9/19/2024,47%,47%,Redfield & Wilton Strategies,1086
Nevada,9/19/2024,45%,45%,Redfield & Wilton Strategies,652
Minnesota,9/19/2024,50%,44%,Redfield & Wilton Strategies,703
Minnesota,9/18/2024,48%,43%,Mason-Dixon Polling & Strategy,800
Michigan,9/19/2024,46%,45%,Redfield & Wilton Strategies,993
Florida,9/19/2024,45%,50%,Redfield & Wilton Strategies,1602
Montana,9/19/2024,38%,59%,RMG Research,491
Texas,9/18/2024,44%,50%,Texas Hispanic Policy Foundation,1200
Connecticut,9/18/2024,53%,37%,MassINC Polling Group,800
Massachusetts,9/18/2024,60%,32%,MassINC Polling Group,800
National,9/20/2024,52%,48%,YouGov,3129
National,9/17/2024,47%,41%,Hart Research Associates/Public Opinion Strategies,1000
California,9/21/2024,64%,36%,ActiVote,400
National,9/19/2024,50%,48%,RMG Research,2969
National,9/16/2024,47%,45%,J.L. Partners,1000
Pennsylvania,9/18/2024,50%,46%,MassINC Polling Group,800
Virginia,9/9/2024,47%,46%,Research America,756
Nebraska,8/29/2024,37%,54%,Global Strategy Group,600
National,9/19/2024,51%,45%,Outward Intelligence,1880
National,9/17/2024,49%,45%,Florida Atlantic University PolCom Lab/Mainstreet Research,810
National,9/16/2024,50%,46%,HarrisX,1306
National,9/16/2024,46%,46%,The New York Times/Siena College,2437
North Carolina,9/18/2024,45%,49%,Victory Insights,600
North Carolina,9/18/2024,50%,49%,Emerson College,1000
North Carolina,9/18/2024,49%,47%,Morning Consult,1314
North Carolina,9/16/2024,45%,46%,Cygnal,600
Georgia,9/18/2024,48%,48%,TIPP Insights,835
Georgia,9/18/2024,48%,50%,Emerson College,975
Georgia,9/18/2024,48%,49%,Morning Consult,1347
Wisconsin,9/18/2024,49%,50%,Emerson College,1000
Wisconsin,9/18/2024,50%,44%,Morning Consult,600
Wisconsin,9/17/2024,50%,49%,Marist College,1194
Pennsylvania,9/18/2024,50%,49%,Emerson College,880
Pennsylvania,9/18/2024,49%,47%,Morning Consult,1756
Pennsylvania,9/17/2024,49%,49%,Marist College,1476
Pennsylvania,9/16/2024,48%,47%,The Washington Post,1003
Pennsylvania,9/16/2024,49%,45%,The New York Times/Siena College,1082
Pennsylvania,9/15/2024,49%,46%,Franklin & Marshall College Center for Opinion Research,890
Nevada,9/18/2024,49%,49%,Emerson College,895
Nevada,9/18/2024,51%,47%,Morning Consult,474
Michigan,9/18/2024,50%,49%,Emerson College,875
Michigan,9/18/2024,52%,44%,Morning Consult,1297
Michigan,9/17/2024,52%,47%,Marist College,1138
Arizona,9/18/2024,49%,50%,Emerson College,868
Arizona,9/18/2024,48%,47%,Morning Consult,862
Virginia,9/18/2024,51%,44%,Morning Consult,899
Texas,9/18/2024,46%,50%,Morning Consult,2716
Ohio,9/18/2024,43%,52%,Morning Consult,1488
Minnesota,9/18/2024,50%,43%,Morning Consult,517
Maryland,9/18/2024,61%,33%,Morning Consult,578
Maryland,9/17/2024,64%,33%,Public Policy Polling,543
Florida,9/18/2024,47%,50%,Morning Consult,2948
Colorado,9/18/2024,53%,42%,Morning Consult,512
New York,9/16/2024,52%,40%,Siena College,1003
California,9/9/2024,60%,29%,Public Policy Institute of California,1071
National,9/17/2024,49%,45%,YouGov,1445
National,9/17/2024,53%,47%,ActiVote,1000
National,9/16/2024,50%,45%,HarrisX,1505
National,9/16/2024,50%,48%,Beacon Research/Shaw & Company Research,876
Virginia,9/17/2024,55%,45%,ActiVote,400
New Hampshire,9/16/2024,54%,43%,University of New Hampshire Survey Center,1695
Massachusetts,9/16/2024,62%,31%,University of New Hampshire Survey Center,564
Rhode Island,9/16/2024,58%,38%,University of New Hampshire Survey Center,683
Wisconsin,9/16/2024,48%,47%,Quinnipiac University,1075
Wisconsin,9/14/2024,48%,45%,"Fabrizio, Lee & Associates/Impact Research",600
Michigan,9/16/2024,50%,45%,Quinnipiac University,905
Pennsylvania,9/16/2024,51%,45%,Quinnipiac University,1331
Georgia,9/15/2024,44%,47%,University of Georgia School of Public and International Affairs,1000
Maine-2,9/15/2024,42%,49%,Pan Atlantic Research,398
Maine-1,9/15/2024,58%,32%,Pan Atlantic Research,414
National,9/16/2024,49%,45%,Angus Reid Global,1707
National,9/16/2024,43%,42%,J.L. Partners,1000
National,9/15/2024,51%,45%,Morning Consult,11022
National,9/13/2024,50%,47%,HarrisX,3018
National,9/12/2024,50%,45%,Morning Consult,10100
National,9/9/2024,49%,46%,Morning Consult,10884
California,9/16/2024,59%,34%,Capitol Weekly,1054
Pennsylvania,9/15/2024,48%,50%,InsiderAdvantage,800
Pennsylvania,9/14/2024,49%,46%,Suffolk University,500
Georgia,9/15/2024,45%,46%,Trafalgar Group,1098
Indiana,9/13/2024,41%,58%,Emerson College,1000
Missouri,9/13/2024,43%,55%,Emerson College,850
Missouri,9/13/2024,41%,50%,Change Research,1237
Maryland,9/13/2024,65%,33%,Emerson College,890
Arizona,9/9/2024,46%,46%,Data Orbital,550
Washington,9/6/2024,53%,32%,Elway Research,403
National,9/15/2024,51%,43%,Big Village,1568
Nevada,9/13/2024,45%,44%,Trafalgar Group,1079
New Hampshire,9/12/2024,51%,43%,Saint Anselm College Survey Center,2241
National,9/13/2024,51%,46%,Ipsos,2196
New Mexico,9/13/2024,49%,39%,Research & Polling,532
Iowa,9/11/2024,43%,47%,Selzer & Co.,656
National,9/13/2024,49%,45%,YouGov,1090
National,9/13/2024,45%,41%,TIPP Insights,1721
National,9/12/2024,47%,51%,AtlasIntel,1775
North Carolina,9/13/2024,46%,49%,TIPP Insights,973
Arizona,9/12/2024,46%,47%,Trafalgar Group,1088
Wisconsin,9/12/2024,49%,47%,InsiderAdvantage,800
National,9/13/2024,50%,46%,Data for Progress,1283
National,9/12/2024,44%,42%,Redfield & Wilton Strategies,1952
National,9/12/2024,51%,47%,RMG Research,2756
North Carolina,9/12/2024,46%,48%,Trafalgar Group,1094
North Carolina,9/12/2024,47%,48%,Quantus Polls and News,815
New Hampshire,9/12/2024,51%,43%,Saint Anselm College Survey Center,2241
Alaska,9/12/2024,42%,47%,Alaska Survey Research,1254
Missouri,9/12/2024,44%,55%,GQR,645
Michigan,9/11/2024,47%,46%,Mitchell Research & Communications,580
Michigan,9/1/2024,47%,46%,Cygnal,600
Minnesota,9/8/2024,49%,45%,Embold Research,1616
Arkansas,9/6/2024,40%,55%,Hendrix College,696
Indiana,9/2/2024,42%,52%,Lake Research Partners,600
Texas,8/29/2024,43%,51%,Lake Research Partners,800
National,9/12/2024,47%,42%,Ipsos,1405
National,9/11/2024,50%,45%,Morning Consult,3317
National,9/11/2024,49%,45%,YouGov,1022
National,9/10/2024,50%,46%,Morning Consult,3204
Michigan,9/12/2024,48%,49%,InsiderAdvantage,800
National,9/11/2024,48%,45%,SoCal Strategies,719
National,9/11/2024,50%,47%,Leger,1174
National,9/10/2024,45%,45%,YouGov,1464
National,9/5/2024,46%,44%,Cygnal,1510
Virginia,9/6/2024,49%,36%,Virginia Commonwealth University L. Douglas Wilder School of Government and Public Affairs,749
Wisconsin,9/5/2024,48%,43%,Marquette University Law School,738
Wisconsin,9/9/2024,49%,46%,Redfield & Wilton Strategies,626
Wisconsin,9/6/2024,47%,47%,co/efficient,917
Pennsylvania,9/9/2024,45%,45%,Redfield & Wilton Strategies,801
Pennsylvania,9/6/2024,46%,48%,co/efficient,889
North Carolina,9/9/2024,45%,44%,Redfield & Wilton Strategies,495
New Mexico,9/9/2024,49%,44%,Redfield & Wilton Strategies,521
Nevada,9/9/2024,45%,46%,Redfield & Wilton Strategies,698
Minnesota,9/9/2024,51%,44%,Redfield & Wilton Strategies,617
Michigan,9/9/2024,48%,45%,Redfield & Wilton Strategies,556
Michigan,9/6/2024,47%,47%,co/efficient,931
Georgia,9/10/2024,50%,50%,ActiVote,400
Georgia,9/9/2024,47%,49%,Redfield & Wilton Strategies,562
Florida,9/9/2024,44%,50%,Redfield & Wilton Strategies,1465
Arizona,9/9/2024,46%,47%,Redfield & Wilton Strategies,765
National,9/9/2024,51%,49%,ActiVote,1000
National,9/8/2024,49%,46%,Morning Consult,10607
National,9/5/2024,49%,46%,Morning Consult,10862
National,9/5/2024,49%,48%,Marist College,1413
National,9/4/2024,44%,41%,SurveyMonkey,18123
National,9/4/2024,48%,47%,KFF,1084
National,9/2/2024,50%,45%,Morning Consult,12084
National,8/30/2024,49%,46%,Morning Consult,11214
National,8/27/2024,49%,45%,Morning Consult,7148
National,8/24/2024,50%,45%,Morning Consult,9963
National,8/21/2024,49%,46%,Morning Consult,9928
National,8/18/2024,49%,45%,Morning Consult,10195
National,8/15/2024,49%,45%,Morning Consult,9636
National,8/12/2024,49%,45%,Morning Consult,10440
National,8/9/2024,50%,45%,Morning Consult,9795
National,8/6/2024,49%,45%,Morning Consult,10013
National,8/3/2024,48%,46%,Morning Consult,9394
National,7/31/2024,48%,45%,Morning Consult,9998
National,7/28/2024,48%,46%,Morning Consult,10106
National,7/25/2024,48%,46%,Morning Consult,10054
Virginia,9/8/2024,50%,42%,The Washington Post/George Mason University Schar School of Policy and Government,1005
National,9/8/2024,49%,45%,Big Village,1546
National,9/5/2024,49%,49%,HarrisX/Harris Poll,2358
National,9/2/2024,49%,49%,Pew Research Center,8044
North Carolina,9/8/2024,49%,46%,Quinnipiac University,940
North Carolina,9/8/2024,48%,48%,Morning Consult,1369
North Carolina,9/7/2024,49%,46%,SurveyUSA,900
North Carolina,9/6/2024,47%,48%,Florida Atlantic University PolCom Lab/Mainstreet Research,619
Georgia,9/8/2024,45%,49%,Quinnipiac University,969
Georgia,9/8/2024,48%,48%,Morning Consult,1405
Georgia,9/6/2024,45%,47%,Florida Atlantic University PolCom Lab/Mainstreet Research,567
Wisconsin,9/8/2024,49%,46%,Morning Consult,638
Wisconsin,8/23/2024,49%,45%,YouGov,500
Wisconsin,8/21/2024,48%,45%,BK Strategies,600
Virginia,9/8/2024,52%,42%,Morning Consult,873
Texas,9/8/2024,43%,52%,Morning Consult,2940
Pennsylvania,9/8/2024,49%,46%,Morning Consult,1910
Pennsylvania,8/23/2024,48%,46%,YouGov,500
Ohio,9/8/2024,44%,52%,Morning Consult,1558
Nevada,9/8/2024,48%,48%,Morning Consult,516
Minnesota,9/8/2024,51%,44%,Morning Consult,501
Michigan,9/8/2024,49%,46%,Morning Consult,1368
Michigan,8/23/2024,47%,46%,YouGov,500
Maryland,9/8/2024,62%,34%,Morning Consult,640
Florida,9/8/2024,47%,49%,Morning Consult,3182
Colorado,9/8/2024,55%,40%,Morning Consult,498
Arizona,9/8/2024,47%,49%,Morning Consult,901
Wisconsin,9/6/2024,51%,49%,YouGov,946
Pennsylvania,9/6/2024,50%,50%,YouGov,1078
Michigan,9/6/2024,50%,49%,YouGov,1077
National,9/6/2024,45%,47%,The New York Times/Siena College,1695
National,9/3/2024,47%,47%,Big Data Poll,3047
Arizona,9/5/2024,48%,48%,TIPP Insights,949
National,9/5/2024,50%,48%,RMG Research,2701
National,9/3/2024,48%,45%,Morning Consult,4000
National,8/31/2024,48%,45%,Morning Consult,4000
National,8/28/2024,48%,45%,Morning Consult,4000
Ohio,9/5/2024,45%,54%,Emerson College,945
Texas,9/5/2024,48%,51%,Emerson College,845
Texas,8/31/2024,44%,49%,YouGov,1200
Florida,9/5/2024,48%,51%,Emerson College,815
California,9/5/2024,61%,38%,Emerson College,815
National,9/5/2024,51%,45%,Outward Intelligence,1890
National,9/4/2024,51%,48%,Emerson College,1000
National,9/4/2024,49%,46%,Morning Consult,11414
National,9/3/2024,49%,47%,Patriot Polling,1003
National,9/1/2024,47%,46%,McLaughlin & Associates,1778
Nevada,9/3/2024,47%,47%,Patriot Polling,788
Arizona,9/3/2024,47%,49%,Patriot Polling,804
Georgia,9/3/2024,48%,49%,Patriot Polling,814
North Carolina,9/3/2024,48%,50%,Patriot Polling,804
Wisconsin,9/3/2024,48%,48%,Patriot Polling,826
Wisconsin,8/26/2024,47%,47%,Z to A Research,518
Michigan,9/3/2024,48%,48%,Patriot Polling,822
Michigan,8/26/2024,47%,47%,Z to A Research,500
Pennsylvania,9/3/2024,48%,49%,Patriot Polling,857
Pennsylvania,8/26/2024,46%,46%,Z to A Research,613
Alaska,9/1/2024,43%,53%,Cygnal,400
Montana,8/29/2024,41%,56%,Fabrizio Ward/David Binder Research,600
Maryland,8/30/2024,56%,35%,Gonzales Research & Marketing Strategies,820
Michigan,8/28/2024,44%,45%,Glengariff Group,600
North Carolina,8/28/2024,47%,48%,East Carolina University Center for Survey Research,920
National,9/3/2024,47%,45%,YouGov,1389
National,9/3/2024,50%,50%,Big Data Poll,3047
Oklahoma,8/31/2024,40%,56%,SoonerPoll,323
Wisconsin,8/29/2024,50%,44%,CNN/SSRS,976
Pennsylvania,8/29/2024,47%,47%,CNN/SSRS,789
Nevada,8/29/2024,48%,47%,CNN/SSRS,626
Michigan,8/29/2024,48%,43%,CNN/SSRS,708
Georgia,8/29/2024,48%,47%,CNN/SSRS,617
Arizona,8/29/2024,44%,49%,CNN/SSRS,682
National,9/2/2024,51%,49%,ActiVote,1000
National,8/30/2024,47%,43%,TIPP Insights,1386
National,8/29/2024,44%,42%,Redfield & Wilton Strategies,2078
Ohio,9/1/2024,43%,52%,SoCal Strategies,600
California,8/26/2024,58%,36%,Capitol Weekly,3154
Nebraska-2,8/27/2024,47%,42%,SurveyUSA,507
National,8/27/2024,52%,46%,Ipsos,2496
Arizona,8/31/2024,48%,49%,InsiderAdvantage,800
Nevada,8/31/2024,47%,48%,InsiderAdvantage,800
Georgia,8/31/2024,48%,48%,InsiderAdvantage,800
North Carolina,8/31/2024,48%,49%,InsiderAdvantage,800
North Carolina,8/31/2024,50%,50%,ActiVote,400
Florida,8/31/2024,47%,53%,ActiVote,400
Texas,8/31/2024,46%,55%,ActiVote,400
Pennsylvania,8/30/2024,45%,47%,Trafalgar Group,1082
Michigan,8/30/2024,47%,47%,Trafalgar Group,1089
Wisconsin,8/30/2024,46%,47%,Trafalgar Group,1083
Texas,8/30/2024,44%,52%,Quantus Polls and News,1000
Pennsylvania,8/29/2024,47%,48%,Wick,1607
Pennsylvania,8/28/2024,46%,45%,Redfield & Wilton Strategies,1071
Minnesota,8/29/2024,48%,43%,SurveyUSA,635
Minnesota,8/28/2024,51%,42%,Redfield & Wilton Strategies,426
Illinois,8/29/2024,58%,42%,ActiVote,400
Tennessee,8/29/2024,37%,63%,ActiVote,400
National,8/28/2024,51%,48%,RMG Research,2441
National,8/28/2024,51%,45%,Clarity Campaign Labs,1238
National,8/28/2024,45%,41%,Ipsos,3562
National,8/26/2024,48%,43%,Change Research,2626
National,8/25/2024,50%,46%,Leger,863
Wisconsin,8/28/2024,48%,44%,Redfield & Wilton Strategies,672
North Carolina,8/28/2024,44%,45%,Redfield & Wilton Strategies,812
New Mexico,8/28/2024,47%,40%,Redfield & Wilton Strategies,488
Nevada,8/28/2024,47%,47%,Redfield & Wilton Strategies,490
Michigan,8/28/2024,47%,44%,Redfield & Wilton Strategies,761
Michigan,8/26/2024,45%,46%,EPIC-MRA,600
Georgia,8/28/2024,42%,44%,Redfield & Wilton Strategies,699
Florida,8/28/2024,43%,48%,Redfield & Wilton Strategies,850
Florida,8/26/2024,45%,52%,Cherry Communications,600
Arizona,8/28/2024,45%,46%,Redfield & Wilton Strategies,530
West Virginia,8/27/2024,34%,61%,Research America,400
National,8/29/2024,53%,47%,Outward Intelligence,2191
National,8/28/2024,48%,43%,Suffolk University,1000
National,8/28/2024,47%,45%,"Fabrizio, Lee & Associates/GBAO",1500
National,8/28/2024,44%,40%,Ipsos,3562
National,8/27/2024,49%,47%,Quinnipiac University,1611
Wisconsin,8/28/2024,49%,50%,Emerson College,850
Wisconsin,8/26/2024,52%,44%,Morning Consult,648
Wisconsin,8/21/2024,47%,42%,Fabrizio Ward,400
Wisconsin,8/20/2024,46%,42%,Spry Strategies,600
North Carolina,8/28/2024,49%,50%,Emerson College,775
North Carolina,8/26/2024,48%,48%,Morning Consult,645
North Carolina,8/20/2024,47%,45%,Spry Strategies,600
Nevada,8/28/2024,49%,49%,Emerson College,1168
Nevada,8/26/2024,48%,46%,Morning Consult,416
Pennsylvania,8/28/2024,49%,49%,Emerson College,950
Pennsylvania,8/26/2024,51%,46%,Morning Consult,758
Pennsylvania,8/21/2024,43%,43%,Fabrizio Ward,400
Pennsylvania,8/20/2024,46%,45%,Spry Strategies,600
Michigan,8/28/2024,51%,48%,Emerson College,800
Michigan,8/26/2024,49%,47%,Morning Consult,651
Michigan,8/21/2024,44%,43%,Fabrizio Ward,400
Georgia,8/28/2024,50%,49%,Emerson College,800
Georgia,8/26/2024,48%,46%,Morning Consult,737
Georgia,8/20/2024,47%,48%,Spry Strategies,600
Arizona,8/28/2024,48%,51%,Emerson College,720
Arizona,8/27/2024,49%,47%,Morning Consult,776
Arizona,8/20/2024,46%,46%,Spry Strategies,600
Missouri,8/16/2024,41%,54%,YouGov,900
Florida,7/24/2024,42%,47%,Targoz Market Research,988
National,8/28/2024,50%,43%,Big Village,1551
National,8/27/2024,47%,45%,YouGov,1368
Michigan,8/28/2024,50%,50%,ActiVote,400
North Carolina,8/26/2024,49%,50%,Beacon Research/Shaw & Company Research,999
Nevada,8/26/2024,50%,48%,Beacon Research/Shaw & Company Research,1026
Nevada,8/14/2024,48%,42%,Strategies 360,350
Georgia,8/26/2024,50%,48%,Beacon Research/Shaw & Company Research,1014
Arizona,8/26/2024,50%,49%,Beacon Research/Shaw & Company Research,1014
Arizona,8/14/2024,47%,46%,Strategies 360,400
North Carolina,8/27/2024,46%,50%,SoCal Strategies,612
National,8/27/2024,49%,47%,Quantus Polls and News,1094
National,8/27/2024,44%,42%,YouGov,1200
National,8/25/2024,49%,45%,Florida Atlantic University PolCom Lab/Mainstreet Research,856
Florida,8/22/2024,47%,51%,Public Policy Polling,837
Texas,8/22/2024,44%,49%,Public Policy Polling,725
Maryland,8/20/2024,64%,32%,"Fabrizio, Lee & Associates/Impact Research",600
Arizona,8/16/2024,44%,47%,Noble Predictive Insights,1003
National,8/25/2024,48%,44%,Morning Consult,7818
National,8/25/2024,48%,49%,Echelon Insights,1031
National,8/24/2024,52%,45%,Kaplan Strategies,1190
National,8/23/2024,53%,47%,ActiVote,1000
Pennsylvania,8/23/2024,47%,48%,SoCal Strategies,713
National,8/23/2024,47%,42%,Angus Reid Global,1758
National,8/22/2024,48%,46%,RMG Research,2404
National,8/22/2024,50%,44%,Outward Intelligence,1867
Missouri,8/22/2024,41%,59%,ActiVote,400
New Mexico,8/22/2024,51%,40%,Emerson College,965
Ohio,8/22/2024,44%,56%,ActiVote,400
Pennsylvania,8/22/2024,51%,49%,ActiVote,400
Virginia,8/22/2024,49%,46%,Quantus Polls and News,629
Michigan,8/22/2024,48%,46%,TIPP Insights,741
National,8/22/2024,48%,44%,Morning Consult,4000
National,8/21/2024,47%,44%,Redfield & Wilton Strategies,1275
National,8/21/2024,47%,39%,The Bullfinch Group,1000
New York,8/21/2024,58%,42%,ActiVote,400
North Carolina,8/21/2024,47%,47%,SurveyUSA/High Point University Survey Research Center,941
National,8/20/2024,46%,43%,YouGov,1371
National,8/20/2024,50%,43%,Fairleigh Dickinson University,801
California,8/19/2024,65%,35%,ActiVote,400
Maine-1,8/19/2024,62%,33%,University of New Hampshire Survey Center,490
Maine-2,8/19/2024,49%,44%,University of New Hampshire Survey Center,443
New Hampshire,8/19/2024,50%,43%,University of New Hampshire Survey Center,2048
Pennsylvania,8/19/2024,46%,47%,InsiderAdvantage,800
Vermont,8/19/2024,67%,27%,University of New Hampshire Survey Center,924
National,8/19/2024,47%,44%,Morning Consult,4000
National,8/18/2024,50%,48%,SoCal Strategies,876
National,8/18/2024,48%,44%,Morning Consult,11501
National,8/18/2024,46%,42%,Big Village,1530
National,8/16/2024,49%,47%,YouGov,3253
Arizona,8/16/2024,45%,46%,Focaldata,702
Georgia,8/16/2024,45%,49%,Focaldata,651
Michigan,8/16/2024,51%,44%,Focaldata,702
Nevada,8/16/2024,48%,42%,Focaldata,678
North Carolina,8/16/2024,47%,46%,Focaldata,702
Pennsylvania,8/16/2024,48%,47%,Focaldata,719
Texas,8/16/2024,45%,50%,YouGov,1365
Virginia,8/16/2024,45%,42%,Roanoke College Institute for Policy and Opinion Research,691
Wisconsin,8/16/2024,50%,44%,Focaldata,700
National,8/15/2024,45%,44%,Redfield & Wilton Strategies,1238
National,8/15/2024,48%,44%,Morning Consult,4000
National,8/15/2024,49%,43%,Outward Intelligence,1858
National,8/15/2024,47%,43%,Embold Research,2696
National,8/15/2024,47%,43%,Data for Progress,6067
Arizona,8/15/2024,43%,44%,Redfield & Wilton Strategies,592
Arizona,8/15/2024,47%,43%,The New York Times/Siena College,677
Florida,8/15/2024,43%,48%,Redfield & Wilton Strategies,1296
Florida,8/15/2024,46%,54%,ActiVote,400
Georgia,8/15/2024,46%,46%,Redfield & Wilton Strategies,692
Michigan,8/15/2024,44%,45%,Redfield & Wilton Strategies,530
Minnesota,8/15/2024,47%,40%,Redfield & Wilton Strategies,475
Nevada,8/15/2024,44%,46%,The New York Times/Siena College,677
Nevada,8/15/2024,42%,43%,Redfield & Wilton Strategies,536
New Mexico,8/15/2024,47%,41%,Redfield & Wilton Strategies,453
North Carolina,8/15/2024,44%,47%,Redfield & Wilton Strategies,601
Pennsylvania,8/15/2024,43%,44%,Cygnal,800
Pennsylvania,8/15/2024,46%,44%,Redfield & Wilton Strategies,825
Wisconsin,8/15/2024,48%,47%,Quantus Polls and News,601
Wisconsin,8/15/2024,48%,44%,Redfield & Wilton Strategies,469
California,8/15/2024,57%,37%,Capitol Weekly,1738
National,8/14/2024,45%,46%,RMG Research,2708
National,8/14/2024,48%,44%,Emerson College,1000
National,8/14/2024,52%,48%,ActiVote,1000
Georgia,8/14/2024,44%,47%,The New York Times/Siena College,661
Montana,8/14/2024,39%,57%,RMG Research,540
New Hampshire,8/14/2024,51%,44%,Saint Anselm College Survey Center,1656
North Carolina,8/14/2024,46%,44%,The New York Times/Siena College,655
Pennsylvania,8/14/2024,47%,47%,Emerson College,1000
Wisconsin,8/14/2024,46%,45%,TIPP Insights,976
National,8/13/2024,46%,44%,YouGov,1407
National,8/13/2024,47%,44%,Ipsos,1975
Texas,8/13/2024,47%,53%,ActiVote,400
National,8/12/2024,47%,44%,Morning Consult,4000
National,8/12/2024,45%,45%,Beacon Research/Shaw & Company Research,1105
Montana,8/12/2024,38%,52%,American Pulse Research & Polling,538
Pennsylvania,8/12/2024,48%,45%,Quinnipiac University,1738
National,8/11/2024,47%,44%,Big Village,757
National,8/11/2024,41%,43%,J.L. Partners,1001
National,8/11/2024,46%,45%,Pew Research Center,7569
California,8/11/2024,59%,34%,University of California Berkeley Institute of Governmental Studies,3765
Florida,8/11/2024,45%,47%,Florida Atlantic University PolCom Lab/Mainstreet Research,1040
Florida,8/11/2024,42%,47%,Suffolk University,500
Michigan,8/11/2024,46%,40%,The Bullfinch Group,500
Michigan,8/11/2024,43%,45%,"Fabrizio, Lee & Associates/Impact Research",600
Pennsylvania,8/11/2024,45%,41%,The Bullfinch Group,500
Pennsylvania,8/11/2024,46%,43%,Franklin & Marshall College Center for Opinion Research,920
Wisconsin,8/11/2024,49%,40%,The Bullfinch Group,500
National,8/9/2024,48%,44%,Morning Consult,4000
North Carolina,8/9/2024,46%,46%,YouGov Blue,802
Pennsylvania,8/9/2024,46%,44%,The New York Times/Siena College,693
Utah,8/9/2024,25%,51%,HarrisX,800
National,8/8/2024,47%,46%,Quantus Polls and News,1000
National,8/8/2024,44%,44%,Cygnal,1500
Arizona,8/8/2024,47%,48%,Trafalgar Group,1092
Arizona,8/8/2024,45%,46%,Navigator Research,600
Florida,8/8/2024,44%,52%,McLaughlin & Associates,800
Michigan,8/8/2024,49%,47%,InsiderAdvantage,800
Michigan,8/8/2024,48%,43%,The New York Times/Siena College,619
Michigan,8/8/2024,44%,44%,Navigator Research,600
Nevada,8/8/2024,45%,48%,Trafalgar Group,1087
North Carolina,8/8/2024,45%,49%,Trafalgar Group,1082
North Carolina,8/8/2024,46%,46%,Navigator Research,600
Pennsylvania,8/8/2024,44%,46%,Trafalgar Group,1078
Pennsylvania,8/8/2024,44%,46%,Navigator Research,600
Wisconsin,8/8/2024,49%,43%,The New York Times/Siena College,661
Wisconsin,8/8/2024,45%,45%,Navigator Research,600
National,8/7/2024,47%,44%,Redfield & Wilton Strategies,2584
National,8/7/2024,47%,46%,RMG Research,2000
National,8/7/2024,42%,37%,Ipsos,1342
Wisconsin,8/7/2024,48%,49%,InsiderAdvantage,800
National,8/6/2024,45%,43%,YouGov,1413
National,8/6/2024,48%,44%,Morning Consult,4000
National,8/6/2024,45%,44%,ActiVote,1000
Montana,8/6/2024,39%,54%,Emerson College,1000
National,8/5/2024,48%,45%,SurveyUSA,1510
Arizona,8/5/2024,42%,44%,Peak Insights,800
Arizona,8/5/2024,44%,42%,HighGround,500
Arizona,8/5/2024,43%,43%,Iron Light,600
North Carolina,8/5/2024,44%,47%,Cygnal,600
Wisconsin,8/5/2024,48%,45%,RMG Research,800
National,8/4/2024,48%,45%,Marist College,1513
National,8/4/2024,46%,48%,Hart Research Associates/Public Opinion Strategies,1001
National,8/3/2024,45%,44%,HarrisX,1011
National,8/3/2024,47%,44%,Morning Consult,4000
Arizona,8/3/2024,44%,43%,Redfield & Wilton Strategies,567
Florida,8/3/2024,41%,47%,Redfield & Wilton Strategies,976
Georgia,8/3/2024,44%,46%,Redfield & Wilton Strategies,1128
Michigan,8/3/2024,41%,42%,Redfield & Wilton Strategies,771
Minnesota,8/3/2024,46%,41%,Redfield & Wilton Strategies,538
Nevada,8/3/2024,40%,40%,Redfield & Wilton Strategies,470
New Mexico,8/3/2024,44%,37%,Redfield & Wilton Strategies,493
North Carolina,8/3/2024,41%,44%,Redfield & Wilton Strategies,714
Pennsylvania,8/3/2024,44%,46%,Redfield & Wilton Strategies,743
Wisconsin,8/3/2024,43%,43%,Redfield & Wilton Strategies,597
National,8/2/2024,44%,42%,TIPP Insights,1326
National,8/2/2024,49%,47%,YouGov,3092
Arizona,8/2/2024,46%,42%,BSG/GS Strategy Group,435
Georgia,8/2/2024,46%,46%,BSG/GS Strategy Group,405
Michigan,8/2/2024,46%,44%,BSG/GS Strategy Group,406
Nevada,8/2/2024,42%,47%,BSG/GS Strategy Group,403
North Carolina,8/2/2024,46%,44%,BSG/GS Strategy Group,403
Pennsylvania,8/2/2024,48%,43%,BSG/GS Strategy Group,411
Wisconsin,8/2/2024,48%,43%,BSG/GS Strategy Group,404
National,8/1/2024,46%,43%,University of Massachusetts Department of Political Science/YouGov,1000
National,8/1/2024,50%,42%,Marquette University Law School,683
New York,8/1/2024,49%,37%,Siena College,1199
Pennsylvania,8/1/2024,45%,45%,"Fabrizio, Lee & Associates",600
Wisconsin,8/1/2024,46%,45%,Marquette University Law School,801
National,7/31/2024,47%,42%,RMG Research,3000
National,7/31/2024,46%,44%,Morning Consult,4000
Georgia,7/31/2024,44%,46%,"Fabrizio, Lee & Associates/Impact Research",600
National,7/30/2024,46%,44%,YouGov,1434
National,7/30/2024,49%,45%,Civiqs,1123
National,7/30/2024,43%,42%,YouGov/Johns Hopkins University SNF Agora Institute,2000
Arizona,7/30/2024,47%,49%,Public Policy Polling,618
Georgia,7/30/2024,47%,49%,Trafalgar Group/InsiderAdvantage,1000
Georgia,7/30/2024,48%,47%,Public Policy Polling,662
Pennsylvania,7/30/2024,47%,48%,Public Policy Polling,627
Pennsylvania,7/30/2024,50%,46%,GQR,500
National,7/29/2024,45%,43%,Redfield & Wilton Strategies,1750
National,7/29/2024,46%,47%,American Pulse Research & Polling,1035
National,7/29/2024,44%,46%,ActiVote,1000
National,7/29/2024,41%,42%,McLaughlin & Associates,1000
Arizona,7/29/2024,43%,48%,Public Opinion Strategies,400
Michigan,7/29/2024,45%,45%,Public Opinion Strategies,400
Nevada,7/29/2024,45%,46%,Public Opinion Strategies,400
Pennsylvania,7/29/2024,48%,45%,Public Opinion Strategies,400
Wisconsin,7/29/2024,48%,46%,Public Opinion Strategies,400
National,7/28/2024,47%,46%,Morning Consult,11538
National,7/28/2024,48%,41%,Leger,786
National,7/28/2024,43%,47%,HarrisX/Harris Poll,2196
National,7/28/2024,44%,45%,Big Data Poll,2919
Arizona,7/28/2024,48%,44%,Morning Consult,804
Georgia,7/28/2024,45%,45%,Morning Consult,799
Michigan,7/28/2024,51%,39%,Morning Consult,706
Nevada,7/28/2024,43%,43%,Morning Consult,454
New Hampshire,7/28/2024,48%,41%,Emerson College,1000
North Carolina,7/28/2024,44%,45%,Morning Consult,706
Ohio,7/28/2024,39%,48%,"Fabrizio, Lee & Associates/Impact Research",600
Pennsylvania,7/28/2024,46%,48%,Quantus Polls and News,500
Pennsylvania,7/28/2024,44%,46%,Morning Consult,804
Pennsylvania,7/28/2024,47%,43%,Susquehanna Polling & Research,600
Wisconsin,7/28/2024,44%,45%,Morning Consult,700
National,7/27/2024,44%,43%,Florida Atlantic University PolCom Lab/Mainstreet Research,952
California,7/27/2024,59%,35%,Capitol Weekly,1904
Florida,7/27/2024,42%,49%,University of North Florida Public Opinion Research Lab,774
National,7/26/2024,48%,47%,Clarity Campaign Labs,995
Georgia,7/26/2024,46%,50%,SoCal Research,505
Michigan,7/26/2024,46%,49%,SoCal Research,500
Oregon,7/26/2024,45%,40%,Hoffman Research Group,700
National,7/25/2024,38%,38%,Ipsos,1238
National,7/25/2024,46%,45%,Morning Consult,4000
National,7/25/2024,45%,44%,"Fabrizio, Lee & Associates/GBAO",1000
National,7/25/2024,46%,48%,AtlasIntel,1980
National,7/25/2024,44%,42%,Angus Reid Global,1743
National,7/25/2024,45%,46%,HarrisX,2472
Maine-1,7/25/2024,56%,36%,University of New Hampshire Survey Center,732
Maine-2,7/25/2024,40%,44%,University of New Hampshire Survey Center,701
Minnesota,7/25/2024,50%,40%,SurveyUSA,656
New Hampshire,7/25/2024,50%,44%,Saint Anselm College Survey Center,2083
New Hampshire,7/25/2024,49%,43%,University of New Hampshire Survey Center,2875
Pennsylvania,7/25/2024,44%,44%,The Bullfinch Group,800
Washington,7/25/2024,52%,38%,Public Policy Polling,581
National,7/24/2024,44%,43%,The New York Times/Siena College,1142
National,7/24/2024,38%,39%,SurveyMonkey,5265
National,7/24/2024,44%,43%,Change Research,2137
National,7/24/2024,43%,44%,Big Village,1492
Arizona,7/24/2024,43%,46%,Redfield & Wilton Strategies,510
Florida,7/24/2024,39%,47%,Redfield & Wilton Strategies,572
Georgia,7/24/2024,42%,47%,Redfield & Wilton Strategies,1180
Michigan,7/24/2024,41%,44%,Redfield & Wilton Strategies,512
Michigan,7/24/2024,42%,41%,Glengariff Group,600
Michigan,7/24/2024,43%,45%,Beacon Research/Shaw & Company Research,1012
Minnesota,7/24/2024,44%,41%,Redfield & Wilton Strategies,475
Minnesota,7/24/2024,47%,41%,Beacon Research/Shaw & Company Research,1071
Nevada,7/24/2024,43%,45%,Redfield & Wilton Strategies,435
North Carolina,7/24/2024,43%,46%,Redfield & Wilton Strategies,586
Pennsylvania,7/24/2024,42%,46%,Redfield & Wilton Strategies,851
Pennsylvania,7/24/2024,45%,43%,Beacon Research/Shaw & Company Research,1034
Wisconsin,7/24/2024,44%,44%,Redfield & Wilton Strategies,523
Wisconsin,7/24/2024,46%,46%,Beacon Research/Shaw & Company Research,1046
National,7/23/2024,44%,46%,YouGov,1155
National,7/23/2024,46%,48%,RMG Research,2000
National,7/23/2024,42%,38%,Ipsos,1018
National,7/23/2024,41%,44%,YouGov,1435
National,7/23/2024,50%,51%,ActiVote,1000
Arizona,7/23/2024,40%,48%,Emerson College,800
Georgia,7/23/2024,43%,46%,Emerson College,800
Michigan,7/23/2024,44%,44%,Emerson College,800
Pennsylvania,7/23/2024,44%,46%,Emerson College,850
Pennsylvania,7/23/2024,45%,47%,North Star Opinion Research,600
Wisconsin,7/23/2024,45%,45%,Emerson College,845
National,7/22/2024,42%,42%,Marist College,1117
National,7/22/2024,45%,47%,Morning Consult,4001
National,7/22/2024,41%,43%,YouGov,1178
Georgia,7/22/2024,44%,46%,Landmark Communications,400
National,7/21/2024,37%,43%,SoCal Research,800
National,7/21/2024,41%,45%,Quinnipiac University,1257
National,7/21/2024,46%,54%,HarrisX,2169
National,7/21/2024,39%,45%,Florida Atlantic University PolCom Lab/Mainstreet Research,711
National,7/21/2024,47%,49%,Echelon Insights,982
New Hampshire,7/21/2024,39%,40%,Praecones Analytica,601
Pennsylvania,7/21/2024,46%,50%,SoCal Research,500
National,7/21/2024,43%,42%,Ipsos,876
Nebraska-2,8/17/2024,50%,42%,Remington Research Group,656
Nebraska-2,8/17/2024,47%,42%,Change Research,437
